<?xml version="1.0" encoding="UTF-8"?>
<!DOCTYPE struts-config PUBLIC 
"-//Apache Software Foundation//DTD Struts Configuration 1.3//EN" 
"http://jakarta.apache.org/struts/dtds/struts-config_1_3.dtd">

<struts-config>
	<form-beans>
		<form-bean name="LogInForm" type="com.bean.LogIn"></form-bean>
		<form-bean name="CreateAccountForm" type="com.bean.CreateAccount"></form-bean>
		<form-bean name="ForgotPasswordForm" type="com.bean.ForgotPassword"></form-bean>
		<form-bean name="ResetPasswordForm" type="com.bean.ResetPassword"></form-bean>
		<form-bean name="employeeForm" type="com.bean.EmployeeBean"></form-bean>
	</form-beans>

	<action-mappings>
		<action name="LogInForm" path="/login" type="com.controller.LoginController"
			input="/loginForm.jsp" scope="request" validate="false" parameter="submit">
			<forward name="success" path="/loginSuccess.jsp"></forward>
			<forward name="failure" path="/loginPage.jsp"></forward>
			<forward name="createAccount" path="/createAccountPage.jsp"></forward>
			<forward name="forgotPassword" path="/forgotPasswordPage.jsp"></forward>

		</action>

		<action name="CreateAccountForm" path="/createAccount" type="com.controller.CreateAccountController"
			input="/createAccountPage.jsp">
			<forward name="success" path="/createAccountSuccess.jsp"></forward>
			<forward name="failure" path="/createAccountPage.jsp"></forward>
		</action>

		<action path="/active" type="com.controller.ActivateActionController">
			<forward name="activateSuccess" path="/activationSuccess.jsp"></forward>
			<forward name="activateFailure" path="/activationFailure.jsp"></forward>
		</action>

		<action name="ForgotPasswordForm" path="/forgotPassword"
			type="com.controller.ForgotPasswordController" scope="request"
			validate="true" input="/forgotPasswordPage.jsp">
			<forward name="success" path="/successForgot.jsp" />
			<forward name="failure" path="/forgotPasswordPage.jsp" />
		</action>

		<action name="ResetPasswordForm" path="/resetPassword"
			type="com.controller.ResetPasswordActionController" input="/resetPasswordPage.jsp" >
			<forward name="resetSuccess" path="/resetSuccess.jsp"></forward>
			<forward name="resetFailure" path="/resetFailure.jsp"></forward>
		</action>
		
		<action path="/addrow" type="com.controller.AddRow" name="employeeForm" validate="false" scope="request" >
		<forward name="success" path="/loginSuccess.jsp"></forward>
		<forward name="addrowfailure" path="/failure.jsp"></forward>
		
		</action>

        <action path="/find" type="com.controller.FindAction" name="employeeForm" scope="request" validate="false" input="/loginSuccess.jsp">
            <forward name="findsuccess" path="/loginSuccess.jsp"/>
            <forward name="findfailure" path="/loginSuccess.jsp"/>
        </action>

        <action path="/save" type="com.controller.SaveAction" name="employeeForm" scope="request" validate="false"   input="/loginSuccess.jsp">
            <forward name="savesuccess" path="/loginSuccess.jsp"/>
            <forward name="failure" path="/failure.jsp"/>
        </action>

        <action path="/update" type="com.controller.UpdateAction" name="employeeForm" scope="request" validate="false" >
            <forward name="updatesuccess" path="/loginSuccess.jsp"/>
            <forward name="updatefailure" path="/failure.jsp"/>
        </action>

        <action path="/delete"  type="com.controller.DeleteAction"   name="employeeForm"   scope="request"   validate="false">
    <forward name="deletesuccess" path="/loginSuccess.jsp"/>
    <forward name="failure" path="/failure.jsp"/>
</action>


<action path="/employee"  type="com.controller.EmployeeAction"  name="employeeForm"  scope="request"  validate="false">
    <forward name="success" path="/loginSuccess.jsp" />
    <forward name="failure" path="/failure.jsp" />
</action>


		
	</action-mappings>

	<message-resources parameter="resources/messages"></message-resources>

	<plug-in className="org.apache.struts.validator.ValidatorPlugIn">
		<set-property property="pathnames"
			value="/WEB-INF/validator-rules.xml, /WEB-INF/validation.xml" />
	</plug-in>

</struts-config>
