<?xml version="1.0" encoding="UTF-8"?>
<!DOCTYPE hibernate-configuration PUBLIC
    "-//Hibernate/Hibernate Configuration DTD 3.0//EN"
    "http://hibernate.org/dtd/hibernate-configuration-3.0.dtd">
<hibernate-configuration>
	<session-factory>
		<property name="hibernate.connection.driver_class">com.mysql.jdbc.Driver</property>
		<property name="hibernate.connection.url">jdbc:mysql://localhost:3306/login</property>
		<property name="hibernate.connection.username">root</property>
		<property name="hibernate.connection.password">Mani123</property>

		<property name="hibernate.dialect">org.hibernate.dialect.MySQLDialect</property>

		<!-- C3P0 connection pooling settings -->
		<property name="hibernate.c3p0.min_size">1</property>
		<property name="hibernate.c3p0.max_size">20</property>
		<property name="hibernate.c3p0.timeout">1800</property>
		<property name="hibernate.c3p0.max_statements">50</property>
		<property name="hibernate.c3p0.connection.release_mode">on_close</property>

		<property name="hbm2ddl.auto">update</property>

		<property name="show_sql">false</property>

		<mapping class="com.hibernate.util.Account" />
		<mapping class="com.hibernate.util.Employee" />
	</session-factory>
</hibernate-configuration>


